{
  "$schema": "https://schema.management.azure.com/schemas/2019-04-01/deploymentParameters.json#",
  "contentVersion": "1.0.0.0",
  "parameters": {
    "environmentType": {
      "value": "prod"
    },
    "location": {
      "value": "eastus"
    },
    "projectName": {
      "value": "yourproject"
    },
    "containerImage": {
      "value": "youracr.azurecr.io/yourapp:prod"
    },
    "containerRegistry": {
      "value": "youracr.azurecr.io"
    },
    "logAnalyticsWorkspaceId": {
      "value": "/subscriptions/{subscription-id}/resourceGroups/{rg-name}/providers/Microsoft.OperationalInsights/workspaces/{workspace-name}"
    },
    "containerRegistryUsername": {
      "value": ""
    },
    "containerRegistryPassword": {
      "value": ""
    }
  }
}
